port_id,uri
1,file:demo_input.csv
2,file:demo_localDB.csv
3,file:name_val_log.txt
4,file:demo_output_name_date_val.csv
5,file:date_val_log.txt
6,file:demo_localDB.csv
7,file:demo_input.csv
8,file:demo_output_name_val.csv
9,file:name_val_log.txt
10,file:record_id.txt
11,file:name_val_log.txt
12,file:demo_localDB.csv
14,file:demo_input.csv
19,file:record_id.txt
20,file:name_val_log.txt
24,file:name_val_log.txt
29,file:name_val_log.txt
36,file:name_val_log.txt
41,file:name_val_log.txt
53,file:name_val_log.txt
57,file:name_val_log.txt
63,file:demo_output_name_val.csv
66,file:name_val_log.txt
67,file:demo_output_name_val.csv
68,file:record_id.txt
69,file:demo_output_name_date_val.csv
70,file:date_val_log.txt
71,file:date_val_log.txt
72,file:demo_output_name_val.csv
73,file:record_id.txt
77,file:date_val_log.txt
81,file:date_val_log.txt
85,file:date_val_log.txt
89,file:date_val_log.txt
92,file:date_val_log.txt
97,file:date_val_log.txt
101,file:demo_output_name_date_val.csv
104,file:date_val_log.txt
